{
    "Epoch#50": {
        "Train": {
            "loss": 2.5533671379089355,
            "full sequence accuracy": 0.0016666666666666668,
            "first n-symbol accuracy": 0.14659085496546798,
            "overlap rate": 0.31856632531555135
        },
        "Eval": {
            "loss": 2.721738258997599,
            "full sequence accuracy": 0.0,
            "first n-symbol accuracy": 0.11294990870842263,
            "overlap rate": 0.28405453679447484
        }
    },
    "Epoch#100": {
        "Train": {
            "loss": 1.6404230395952861,
            "full sequence accuracy": 0.22166666666666668,
            "first n-symbol accuracy": 0.45401405096451536,
            "overlap rate": 0.6297376359450663
        },
        "Eval": {
            "loss": 2.377718528111776,
            "full sequence accuracy": 0.028333333333333332,
            "first n-symbol accuracy": 0.282047709772168,
            "overlap rate": 0.4764701913153926
        }
    },
    "Epoch#150": {
        "Train": {
            "loss": 0.727156380812327,
            "full sequence accuracy": 0.6416666666666667,
            "first n-symbol accuracy": 0.8004123997777248,
            "overlap rate": 0.8825990315154401
        },
        "Eval": {
            "loss": 2.0663036505381265,
            "full sequence accuracy": 0.18166666666666667,
            "first n-symbol accuracy": 0.44187425577518463,
            "overlap rate": 0.6381035167103278
        }
    },
    "Epoch#200": {
        "Train": {
            "loss": 0.01339002139866352,
            "full sequence accuracy": 1.0,
            "first n-symbol accuracy": 1.0,
            "overlap rate": 1.0
        },
        "Eval": {
            "loss": 1.1172222296396892,
            "full sequence accuracy": 0.445,
            "first n-symbol accuracy": 0.6720183376994523,
            "overlap rate": 0.8180138128125746
        }
    },
    "Epoch#250": {
        "Train": {
            "loss": 0.005094676744192839,
            "full sequence accuracy": 1.0,
            "first n-symbol accuracy": 1.0,
            "overlap rate": 1.0
        },
        "Eval": {
            "loss": 1.0659799178441365,
            "full sequence accuracy": 0.465,
            "first n-symbol accuracy": 0.6987782805429864,
            "overlap rate": 0.844082718107486
        }
    },
    "Epoch#300": {
        "Train": {
            "loss": 0.0029215436273564896,
            "full sequence accuracy": 1.0,
            "first n-symbol accuracy": 1.0,
            "overlap rate": 1.0
        },
        "Eval": {
            "loss": 1.1127723058064778,
            "full sequence accuracy": 0.49500000000000005,
            "first n-symbol accuracy": 0.7237564499484005,
            "overlap rate": 0.845764467730412
        }
    },
    "Epoch#350": {
        "Train": {
            "loss": 0.001975349228208264,
            "full sequence accuracy": 1.0,
            "first n-symbol accuracy": 1.0,
            "overlap rate": 1.0
        },
        "Eval": {
            "loss": 1.148240367571513,
            "full sequence accuracy": 0.4916666666666667,
            "first n-symbol accuracy": 0.728097959831706,
            "overlap rate": 0.8461351909184726
        }
    },
    "Epoch#400": {
        "Train": {
            "loss": 0.0014691811908657353,
            "full sequence accuracy": 1.0,
            "first n-symbol accuracy": 1.0,
            "overlap rate": 1.0
        },
        "Eval": {
            "loss": 1.1283428072929382,
            "full sequence accuracy": 0.5083333333333333,
            "first n-symbol accuracy": 0.7421874255775185,
            "overlap rate": 0.8512887989203778
        }
    },
    "Epoch#450": {
        "Train": {
            "loss": 0.0011645997874438763,
            "full sequence accuracy": 1.0,
            "first n-symbol accuracy": 1.0,
            "overlap rate": 1.0
        },
        "Eval": {
            "loss": 1.1127020120620728,
            "full sequence accuracy": 0.5283333333333333,
            "first n-symbol accuracy": 0.7602381519409384,
            "overlap rate": 0.8558966420576327
        }
    },
    "Epoch#500": {
        "Train": {
            "loss": 0.0009669782011769712,
            "full sequence accuracy": 1.0,
            "first n-symbol accuracy": 1.0,
            "overlap rate": 1.0
        },
        "Eval": {
            "loss": 1.0703371663888295,
            "full sequence accuracy": 0.5416666666666666,
            "first n-symbol accuracy": 0.773663967611336,
            "overlap rate": 0.8646483289672143
        }
    },
    "Epoch#550": {
        "Train": {
            "loss": 0.0008319948295441767,
            "full sequence accuracy": 1.0,
            "first n-symbol accuracy": 1.0,
            "overlap rate": 1.0
        },
        "Eval": {
            "loss": 1.0587060650189717,
            "full sequence accuracy": 0.5633333333333334,
            "first n-symbol accuracy": 0.7793601651186791,
            "overlap rate": 0.8685615622767328
        }
    },
    "Epoch#600": {
        "Train": {
            "loss": 0.0007363209927765032,
            "full sequence accuracy": 1.0,
            "first n-symbol accuracy": 1.0,
            "overlap rate": 1.0
        },
        "Eval": {
            "loss": 0.9966490566730499,
            "full sequence accuracy": 0.5833333333333334,
            "first n-symbol accuracy": 0.7929129951575772,
            "overlap rate": 0.877096927839962
        }
    },
    "Epoch#650": {
        "Train": {
            "loss": 0.0006665688027472546,
            "full sequence accuracy": 1.0,
            "first n-symbol accuracy": 1.0,
            "overlap rate": 1.0
        },
        "Eval": {
            "loss": 0.9291476011276245,
            "full sequence accuracy": 0.6016666666666667,
            "first n-symbol accuracy": 0.8067714535206795,
            "overlap rate": 0.8867821703580218
        }
    },
    "Epoch#700": {
        "Train": {
            "loss": 0.0006145302613731474,
            "full sequence accuracy": 1.0,
            "first n-symbol accuracy": 1.0,
            "overlap rate": 1.0
        },
        "Eval": {
            "loss": 0.8958195249239603,
            "full sequence accuracy": 0.6166666666666666,
            "first n-symbol accuracy": 0.8198027308089229,
            "overlap rate": 0.8912931650392952
        }
    },
    "Epoch#750": {
        "Train": {
            "loss": 0.0005748809489887208,
            "full sequence accuracy": 1.0,
            "first n-symbol accuracy": 1.0,
            "overlap rate": 1.0
        },
        "Eval": {
            "loss": 0.8889980812867483,
            "full sequence accuracy": 0.6366666666666666,
            "first n-symbol accuracy": 0.830643407160435,
            "overlap rate": 0.8950948638564739
        }
    },
    "Epoch#800": {
        "Train": {
            "loss": 0.000544014658468465,
            "full sequence accuracy": 1.0,
            "first n-symbol accuracy": 1.0,
            "overlap rate": 1.0
        },
        "Eval": {
            "loss": 0.82748082280159,
            "full sequence accuracy": 0.66,
            "first n-symbol accuracy": 0.8444851948876716,
            "overlap rate": 0.9035317932841153
        }
    },
    "Epoch#850": {
        "Train": {
            "loss": 0.0005194114152497301,
            "full sequence accuracy": 1.0,
            "first n-symbol accuracy": 1.0,
            "overlap rate": 1.0
        },
        "Eval": {
            "loss": 0.7861039936542511,
            "full sequence accuracy": 0.6866666666666666,
            "first n-symbol accuracy": 0.8563368262284671,
            "overlap rate": 0.9093863618321821
        }
    },
    "Epoch#900": {
        "Train": {
            "loss": 0.0004992958953759322,
            "full sequence accuracy": 1.0,
            "first n-symbol accuracy": 1.0,
            "overlap rate": 1.0
        },
        "Eval": {
            "loss": 0.7503215670585632,